package_id,day,facility,hold_id,prediction_at,queue_load,staff_ratio,minutes_to_departure,route_hops,weight_kg,service,scans_last30,minutes_since_scan,hour,source,condition,escape,risk
PKG-42-006009,50,F2,PKG-42-006009-2,2026-02-20T15:53:00+00:00,0.2941751827639322,0.524297038452298,31.062313444268,2,4.849639318202316,express,3,28.55708763333333,15,screening,REJECT,0,0.2201448470503089
PKG-42-005762,58,F6,PKG-42-005762-2,2026-02-28T23:45:00+00:00,0.2259299417115903,0.3009210117563109,17.268136325259754,5,1.7284745192528086,economy,2,1.08201175,23,brokerage,HOLD,0,0.21506203652077474
PKG-42-006063,54,F5,PKG-42-006063-2,2026-02-24T12:43:00+00:00,0.1163097903469181,1.3097778522553458,45.04436050801766,1,1.6388494499485378,economy,2,7.712953083333333,12,screening,HOLD,0,0.025699235239612744
PKG-42-009940,53,F5,PKG-42-009940-2,2026-02-23T11:09:00+00:00,0.6656504551384251,0.7527371584345486,68.49857699050332,3,5.386937480541559,express,3,17.8267806,11,brokerage,HOLD,0,0.28380276804062454
PKG-42-015054,51,F4,PKG-42-015054-2,2026-02-21T09:49:00+00:00,0.2976394699292005,0.6202171942400772,92.897331209986,6,5.980540795736056,express,0,34.90131983333333,9,brokerage,HOLD,0,0.056869463524241916
PKG-42-005075,54,F4,PKG-42-005075-2,2026-02-24T00:42:00+00:00,0.8688465070417306,0.41508858595161,58.20039099792326,6,5.689559901656497,express,4,17.100691016666666,0,brokerage,HOLD,0,0.5655957695850552
PKG-42-015415,58,F5,PKG-42-015415-2,2026-02-28T12:06:00+00:00,0.4814143367315174,0.5864958457611873,69.00191100293951,5,2.3478859580153726,express,2,16.945142783333335,12,brokerage,REJECT,0,0.2377706068396371
PKG-42-005461,56,F0,PKG-42-005461-2,2026-02-26T19:33:00+00:00,0.7270874218997188,0.5772210909720445,20.49599278967745,6,10.668885343158022,economy,0,33.90197448333333,19,brokerage,REJECT,1,0.23487935583921044
PKG-42-016056,55,F0,PKG-42-016056-2,2026-02-25T10:02:00+00:00,0.8022540342130247,0.7422893952525091,73.57041396607931,5,2.5509698923039905,priority,3,26.477952466666668,10,brokerage,REJECT,0,0.3100933091589086
PKG-42-016105,57,F0,PKG-42-016105-2,2026-02-27T07:04:00+00:00,0.1513351042241364,1.2126685131332389,44.61470792879246,2,6.687751916869878,priority,4,17.550461966666667,7,brokerage,HOLD,0,0.07959949540399704
PKG-42-008886,57,F6,PKG-42-008886-2,2026-02-27T03:18:00+00:00,0.4339502164139837,0.4566742168593328,39.93339163586637,5,1.855119362841809,priority,3,28.6554606,3,brokerage,HOLD,1,0.2327241673191526
PKG-42-007969,50,F6,PKG-42-007969-2,2026-02-20T04:45:00+00:00,0.4326416203975706,0.6274972203588765,71.02682481876302,3,6.517048066624816,express,2,2.9927115666666664,4,brokerage,HOLD,1,0.1746605733242516
PKG-42-015457,50,F1,PKG-42-015457-2,2026-02-20T00:41:00+00:00,0.6107333389842343,1.15624414576024,70.4805623019442,1,2.7733186009969604,express,5,21.5684733,0,screening,HOLD,0,0.1829194560462314
PKG-42-002761,56,F2,PKG-42-002761-2,2026-02-26T03:39:00+00:00,0.3003188083553489,0.2694399843144406,29.53144359441818,2,2.517544716054781,express,2,9.536217883333334,3,screening,REJECT,0,0.23670564817731668
PKG-42-012477,54,F4,PKG-42-012477-2,2026-02-24T21:24:00+00:00,0.7453351237442903,1.3524048794835557,15.466883349531976,2,2.964402967013901,priority,2,4.332410633333334,21,screening,HOLD,0,0.12437723124522879
PKG-42-010922,53,F7,PKG-42-010922-2,2026-02-23T17:01:00+00:00,0.646922033193233,1.0921028289593289,60.89658793389051,4,2.5167732637714457,priority,5,24.478447666666668,17,screening,HOLD,0,0.18289391947841635
PKG-42-016673,59,F5,PKG-42-016673-2,2026-03-01T09:51:00+00:00,0.5469311422852924,0.8387980982218468,67.91788347522153,1,4.667368420575746,economy,3,27.27905265,9,brokerage,HOLD,0,0.15646867013215335
PKG-42-012828,57,F5,PKG-42-012828-2,2026-02-27T09:36:00+00:00,0.1889502235142243,1.2045054085445424,93.2224344335601,5,6.259009733005119,express,2,17.7811678,9,brokerage,HOLD,0,0.04193626019873654
PKG-42-002791,55,F4,PKG-42-002791-2,2026-02-25T00:48:00+00:00,0.3183486390255164,0.4203546158793892,59.6633521068773,2,4.10450158278966,priority,4,2.1670357,0,brokerage,HOLD,1,0.24369712250928469
PKG-42-013611,52,F7,PKG-42-013611-2,2026-02-22T15:33:00+00:00,0.2708117588044668,0.9060680688404448,13.205436418837472,3,1.3745285608928648,express,1,23.66247973333333,15,brokerage,HOLD,0,0.11339402959823175
PKG-42-011142,53,F3,PKG-42-011142-2,2026-02-23T15:34:00+00:00,0.2941257720098603,1.2008320495883504,9.96773206322137,1,1.985972169785764,priority,1,2.543334133333333,15,screening,HOLD,0,0.04813231084573922
PKG-42-000894,50,F7,PKG-42-000894-2,2026-02-20T01:57:00+00:00,0.3111482986028763,1.0814252080691815,87.77851802999092,5,3.5870161233177207,express,1,27.86360335,1,screening,HOLD,0,0.029898624218384958
PKG-42-005601,58,F4,PKG-42-005601-2,2026-02-28T14:02:00+00:00,0.2107016838100379,0.7360035613675835,28.23128847622544,2,1.927761772098315,express,1,15.00755225,14,screening,REJECT,0,0.09659905368769842
PKG-42-013705,58,F4,PKG-42-013705-2,2026-02-28T08:59:00+00:00,0.7517821564783062,0.8044820715496657,18.344241218696958,6,3.2730320340879304,priority,0,37.9311775,8,screening,HOLD,0,0.10619456275551423
PKG-42-003181,50,F7,PKG-42-003181-2,2026-02-20T04:09:00+00:00,0.4138268602331157,1.4069352794449004,65.33183119098268,1,2.4774579290182226,express,3,11.608685766666667,4,screening,HOLD,0,0.06111547619172039
PKG-42-006547,56,F1,PKG-42-006547-2,2026-02-26T08:24:00+00:00,0.3597499098381727,1.2469478060254393,53.75136071912991,6,2.390795822856348,priority,0,32.072078033333334,8,brokerage,HOLD,0,0.03101698540222216
PKG-42-016016,57,F2,PKG-42-016016-2,2026-02-27T00:57:00+00:00,0.4382438165521035,0.3898460571142398,76.4476985622527,6,2.8063883468220605,economy,2,20.484534683333333,0,screening,HOLD,0,0.09917989100314391
PKG-42-009389,51,F3,PKG-42-009389-2,2026-02-21T22:10:00+00:00,0.4416585048080174,0.8900715521290301,83.33849211365379,1,6.905672113828223,express,0,41.20729051666667,22,brokerage,HOLD,0,0.06508049378871483
PKG-42-003297,56,F7,PKG-42-003297-2,2026-02-26T02:07:00+00:00,0.419222534376984,0.7653631656867648,12.66550107838039,6,1.768173221759847,economy,5,24.150329600000003,2,screening,HOLD,0,0.22320032283448307
PKG-42-008482,50,F0,PKG-42-008482-2,2026-02-20T18:25:00+00:00,0.2581633848886258,0.8062745162987528,10.416452219158828,4,4.872776065397999,express,2,17.426112633333332,18,brokerage,HOLD,1,0.169740302339301
PKG-42-007521,55,F1,PKG-42-007521-2,2026-02-25T08:23:00+00:00,0.692997829131398,1.4085913266906394,73.99944679605812,2,1.6279530775597222,priority,5,21.070798383333333,8,brokerage,HOLD,0,0.17806035896082037
PKG-42-010617,50,F2,PKG-42-010617-2,2026-02-20T18:08:00+00:00,0.3312358769847329,1.2653031880109722,65.27299037997355,4,4.569748517561308,express,3,1.1156331333333334,18,brokerage,HOLD,0,0.10129301766873296
PKG-42-012458,56,F6,PKG-42-012458-2,2026-02-26T06:58:00+00:00,0.2459168758046172,1.2844906584210214,90.43309669116874,1,3.60467794859418,priority,2,12.3226631,6,brokerage,HOLD,0,0.034149296127029535
PKG-42-015746,52,F2,PKG-42-015746-2,2026-02-22T23:40:00+00:00,0.4815071557495192,0.7253645379177527,17.74500877259572,4,1.8390118181711497,economy,3,27.551862433333334,23,screening,HOLD,0,0.17180060335507555
PKG-42-017744,57,F0,PKG-42-017744-2,2026-02-27T17:57:00+00:00,0.7999640110623715,1.2214811560273449,71.21963566465872,4,3.4990608876394136,express,3,15.172552266666663,17,screening,HOLD,0,0.157086443376093
PKG-42-010859,56,F1,PKG-42-010859-2,2026-02-26T12:20:00+00:00,0.6671720320341759,1.02599074334285,25.916181782754546,4,0.908279015781675,express,2,1.4679755666666667,12,brokerage,REJECT,0,0.2992294812657686
PKG-42-010332,50,F6,PKG-42-010332-2,2026-02-20T16:47:00+00:00,0.7957443198758185,1.0954266095763283,83.26089070197395,3,0.8387468392539078,economy,2,8.420212366666666,16,screening,HOLD,0,0.09543567349983348
PKG-42-012745,59,F1,PKG-42-012745-2,2026-03-01T23:17:00+00:00,0.6686078205824266,0.6713194473628828,73.7294321474792,1,5.432708427542313,priority,2,18.337868683333333,23,brokerage,REJECT,0,0.24417954744954376
PKG-42-001107,59,F4,PKG-42-001107-2,2026-03-01T04:40:00+00:00,0.6954341158876767,0.5803414150418675,61.04052685974446,5,14.230086682932743,priority,2,25.008607766666668,4,screening,HOLD,0,0.15238553939424437
PKG-42-001199,58,F4,PKG-42-001199-2,2026-02-28T23:49:00+00:00,0.8046857967698976,0.7612555234918301,56.1750438747233,1,4.094666468540537,express,5,1.9646144666666667,23,screening,HOLD,0,0.45716861863394537
PKG-42-003048,59,F3,PKG-42-003048-2,2026-03-01T16:34:00+00:00,0.4491028852430619,0.7033733786638836,67.17447545230682,5,0.4867461324876942,priority,1,15.1405184,16,screening,HOLD,0,0.06716679233635156
PKG-42-016106,58,F2,PKG-42-016106-2,2026-02-28T06:27:00+00:00,0.6544025267393161,0.3210959357434677,20.990558458586143,1,1.1235184206663735,economy,0,39.1909243,6,brokerage,REJECT,0,0.2608853563272392
PKG-42-003619,55,F0,PKG-42-003619-2,2026-02-25T09:37:00+00:00,0.6149638582115159,1.4227981585796294,91.02634024236652,1,11.691439705064148,express,2,8.102333066666667,9,screening,HOLD,0,0.055977462330032694
PKG-42-010283,50,F1,PKG-42-010283-2,2026-02-20T19:57:00+00:00,0.3466140428432074,1.1844569407284768,73.21151303793691,2,1.2295393184841872,express,2,27.416999666666666,19,screening,HOLD,0,0.04964673856614635
PKG-42-014244,53,F1,PKG-42-014244-2,2026-02-23T06:15:00+00:00,0.734498139498285,0.5225948149643851,26.51711019278581,3,1.0062662129605418,priority,1,14.815382116666663,6,screening,HOLD,1,0.19379159655050093
PKG-42-007278,51,F5,PKG-42-007278-2,2026-02-21T08:36:00+00:00,0.7926604974728201,0.8202500391688039,99.42193376509518,3,6.417236579565855,priority,1,21.72147035,8,brokerage,HOLD,0,0.1202753369260241
PKG-42-003503,52,F2,PKG-42-003503-2,2026-02-22T15:57:00+00:00,0.4376381974266264,0.3044412469882738,86.29231495021126,5,7.364803043290009,priority,2,18.90634,15,screening,HOLD,0,0.11549309061326171
PKG-42-014207,50,F6,PKG-42-014207-2,2026-02-20T22:07:00+00:00,0.670815037953192,0.7760167032913814,96.01363703475424,2,2.515325257074131,express,0,36.90077408333333,22,brokerage,REJECT,0,0.1329468133837176
PKG-42-011662,54,F7,PKG-42-011662-2,2026-02-24T23:44:00+00:00,0.1548816586558351,0.8379629581191967,27.524323691889663,5,2.7172823643699915,economy,2,18.187684966666662,23,screening,HOLD,0,0.058147346965353404
PKG-42-011420,56,F3,PKG-42-011420-2,2026-02-26T06:53:00+00:00,0.6779110401098951,0.9184345850236186,93.73192125816858,2,1.8391241729929373,economy,4,4.191826866666667,6,screening,HOLD,1,0.14243438458053231
PKG-42-010404,56,F1,PKG-42-010404-2,2026-02-26T08:16:00+00:00,0.8654749753691788,0.8037241734998652,33.13160636945275,1,1.0757482541993006,economy,2,24.05007098333333,8,screening,HOLD,0,0.20777660196521666
PKG-42-010451,58,F7,PKG-42-010451-2,2026-02-28T01:14:00+00:00,0.8050441031182639,0.6759512570291717,25.81957033415841,6,3.085767908691994,express,0,37.48726703333333,1,brokerage,HOLD,1,0.22947689301705085
PKG-42-008662,56,F6,PKG-42-008662-2,2026-02-26T14:05:00+00:00,0.8197460407575695,1.467484590229918,23.14972685509197,3,0.3938969906880541,express,4,12.439455083333334,14,screening,HOLD,0,0.2316494173344481
PKG-42-016453,52,F6,PKG-42-016453-2,2026-02-22T08:54:00+00:00,0.2640828494808204,0.3243386917694243,13.926503879139196,2,2.433637354109492,economy,2,24.21031958333333,8,screening,HOLD,1,0.13913382182064074
PKG-42-008441,56,F2,PKG-42-008441-2,2026-02-26T09:52:00+00:00,0.4786704114549899,1.0649845822380328,15.472154089058536,3,9.287729142983462,priority,5,3.04141625,9,brokerage,HOLD,1,0.29024709883308536
PKG-42-009815,54,F6,PKG-42-009815-2,2026-02-24T17:33:00+00:00,0.5833680115424734,0.5325712357085973,50.95350471862679,4,13.044909789818158,priority,5,25.236299766666665,17,screening,REJECT,0,0.3645489256725376
PKG-42-015066,50,F5,PKG-42-015066-2,2026-02-20T08:24:00+00:00,0.6316562240542276,0.377380300058547,72.7607076382167,2,2.496643760606552,priority,4,12.914685183333336,8,screening,HOLD,0,0.27682798834362454
PKG-42-015206,54,F0,PKG-42-015206-2,2026-02-24T18:05:00+00:00,0.4234383234850789,0.9502368510832848,74.77963343591144,6,4.095355179378574,express,2,5.20951515,18,brokerage,HOLD,0,0.11959838102806802
PKG-42-003102,55,F7,PKG-42-003102-2,2026-02-25T21:24:00+00:00,0.5460421875286245,1.0431708334048508,97.9974528270233,1,2.743648238109645,express,5,13.884809983333334,21,brokerage,HOLD,1,0.24139188120112925
PKG-42-011482,56,F7,PKG-42-011482-2,2026-02-26T13:51:00+00:00,0.2339606808161481,0.8431176666658586,44.47596805027937,1,4.076323912386465,express,2,19.2275322,13,brokerage,REJECT,0,0.14549717873987153
PKG-42-003121,57,F3,PKG-42-003121-2,2026-02-27T13:20:00+00:00,0.2205848980416793,1.3941015394867486,64.6050641089316,4,2.070753496585186,priority,4,11.294812083333332,13,brokerage,HOLD,0,0.06414127382529113
PKG-42-014870,56,F7,PKG-42-014870-2,2026-02-26T22:01:00+00:00,0.4942680010475323,1.372994705233748,27.64865657785612,2,8.075898859450007,priority,2,2.83848405,22,brokerage,HOLD,0,0.10014554898964396
PKG-42-002918,56,F1,PKG-42-002918-2,2026-02-26T06:10:00+00:00,0.5422747538754844,1.4413682233880647,35.17516906898788,1,1.80693838371688,express,0,44.64570875,6,brokerage,REJECT,0,0.06973833585025811
PKG-42-016765,56,F7,PKG-42-016765-2,2026-02-26T17:42:00+00:00,0.1477850685440031,0.6415544823234327,99.01157016076408,1,3.5520159487797347,priority,4,14.844009816666668,17,screening,REJECT,0,0.09101103961593703
PKG-42-014655,54,F6,PKG-42-014655-2,2026-02-24T13:55:00+00:00,0.583020826386128,0.5708199529369486,41.9083385170634,3,4.695523409357975,economy,5,27.750284616666665,13,screening,HOLD,0,0.3032976261974859
PKG-42-011656,53,F2,PKG-42-011656-2,2026-02-23T03:12:00+00:00,0.5727452572433831,0.903899936728004,50.53657208648505,6,3.673534009672327,economy,1,8.276290766666667,3,brokerage,HOLD,0,0.1046641104458518
PKG-42-001580,57,F4,PKG-42-001580-2,2026-02-27T02:23:00+00:00,0.3564990174908111,0.2633285164601565,10.156342384456591,2,5.6643718714909,express,0,36.58075045,2,screening,HOLD,1,0.13535383577197288
PKG-42-014421,59,F5,PKG-42-014421-2,2026-03-01T10:47:00+00:00,0.3554628273740055,0.6353940865161933,90.95497362870977,2,3.037342763404762,express,2,16.159473966666667,10,brokerage,HOLD,0,0.12620061143443065
PKG-42-010901,55,F1,PKG-42-010901-2,2026-02-25T09:54:00+00:00,0.1066506927105821,0.6616149756525926,21.863787036424085,3,0.596911614340617,express,1,19.39937863333333,9,screening,HOLD,0,0.06838965688314749
PKG-42-009162,50,F0,PKG-42-009162-2,2026-02-20T13:20:00+00:00,0.0778029067889075,1.1524897181474576,34.878975318728266,2,0.9503514909516442,economy,2,9.556687266666668,13,brokerage,REJECT,0,0.060422962909753776
PKG-42-001942,59,F6,PKG-42-001942-2,2026-03-01T04:01:00+00:00,0.447386119814861,0.8952456390988827,28.93028132221436,2,2.585125446714122,express,4,21.042309566666667,4,screening,HOLD,1,0.19985808350779702
PKG-42-017552,53,F1,PKG-42-017552-2,2026-02-23T05:29:00+00:00,0.8613249048130034,1.2095172391665474,18.34655006838137,6,1.3008675711460382,economy,2,18.747874033333336,5,screening,HOLD,0,0.14213078671364424
PKG-42-008109,56,F3,PKG-42-008109-2,2026-02-26T23:36:00+00:00,0.6050420699714146,1.31504930991173,19.705578654096637,5,4.021504086579495,priority,4,3.1926270333333333,23,brokerage,HOLD,0,0.22647815360370344
PKG-42-005830,58,F5,PKG-42-005830-2,2026-02-28T02:39:00+00:00,0.6625346600434918,0.6711790548934877,84.03606746665369,2,3.946375059641744,priority,1,18.64450091666667,2,screening,HOLD,0,0.0859958317532966
PKG-42-008132,54,F5,PKG-42-008132-2,2026-02-24T03:16:00+00:00,0.0620820733150137,0.8171584007556834,64.24029559267596,4,3.258530774878199,economy,2,10.756323783333332,3,brokerage,HOLD,0,0.04971885823807336
PKG-42-007664,57,F6,PKG-42-007664-2,2026-02-27T16:23:00+00:00,0.9163943753211284,0.9436835135204776,32.43708598855183,3,0.34254490319755,priority,1,27.23749155,16,screening,HOLD,0,0.16046636046002782
PKG-42-010405,54,F6,PKG-42-010405-2,2026-02-24T01:20:00+00:00,0.7121354901041875,1.484461960422074,91.8274463665194,4,5.790974985389326,economy,2,18.919484066666666,1,screening,REJECT,0,0.049921156038081616
PKG-42-009049,51,F0,PKG-42-009049-2,2026-02-21T23:47:00+00:00,0.377572254959,0.5988712142250798,34.83128617967657,3,1.2289857721177568,express,2,9.130027766666666,23,screening,HOLD,0,0.1640643655445109
PKG-42-008814,59,F3,PKG-42-008814-2,2026-03-01T15:45:00+00:00,0.4425748872379023,0.8503208958068822,43.85059099687035,2,2.056602628975112,economy,1,19.54416315,15,screening,HOLD,0,0.06538840941889333
PKG-42-009548,56,F4,PKG-42-009548-2,2026-02-26T04:15:00+00:00,0.7469432399936262,1.057225493789991,56.2349370384653,1,7.580103426549272,express,3,13.22992895,4,brokerage,REJECT,0,0.3116444037021713
PKG-42-002777,57,F3,PKG-42-002777-2,2026-02-27T10:59:00+00:00,0.6156763115169976,0.9912546671284356,35.70213146379775,1,2.5108566068032503,priority,3,20.8036564,10,screening,HOLD,0,0.1442040887279915
PKG-42-006694,50,F0,PKG-42-006694-2,2026-02-20T01:05:00+00:00,0.5165981828969393,1.3199767399287083,67.21674558429801,2,4.3687689267835,priority,0,35.41382936666666,1,brokerage,HOLD,0,0.033974489722335306
PKG-42-016720,56,F0,PKG-42-016720-2,2026-02-26T18:57:00+00:00,0.7889711470458809,0.6434622137171762,80.53865187953022,2,1.5761567722599148,economy,3,10.977634,18,brokerage,REJECT,0,0.3448195822294436
PKG-42-002502,56,F2,PKG-42-002502-2,2026-02-26T00:07:00+00:00,0.7080678013680973,1.1066837958059796,75.06001606745706,3,2.6221417368014643,priority,3,6.987221166666667,0,screening,HOLD,0,0.1066829276768116
PKG-42-010467,58,F7,PKG-42-010467-2,2026-02-28T18:25:00+00:00,0.6303548008916849,1.1452050102305904,92.3172643915644,1,2.3927074953745406,priority,1,22.11086423333333,18,screening,REJECT,0,0.05715077795358416
PKG-42-016430,55,F2,PKG-42-016430-2,2026-02-25T02:55:00+00:00,0.5286778053140504,0.8564582392910789,39.79784367476236,1,0.9561045511403458,economy,0,31.222136483333333,2,screening,HOLD,0,0.05352946793722308
PKG-42-007436,57,F3,PKG-42-007436-2,2026-02-27T06:36:00+00:00,0.8120711237883129,1.1672584246211783,82.63993162804198,1,0.6788260264610951,priority,1,8.632698883333335,6,brokerage,HOLD,1,0.10248315175830149
PKG-42-008686,54,F2,PKG-42-008686-2,2026-02-24T00:04:00+00:00,0.8466835426120825,0.4297404023758572,39.98789423928631,2,2.1219272844436383,express,2,28.83942968333333,0,screening,HOLD,0,0.3376055628713184
PKG-42-009123,59,F4,PKG-42-009123-2,2026-03-01T02:48:00+00:00,0.3738030881211308,0.8136078452782388,67.69587586203629,4,3.778812397772136,express,2,20.7659684,2,brokerage,HOLD,0,0.11824998736672943
PKG-42-004693,55,F4,PKG-42-004693-2,2026-02-25T03:13:00+00:00,0.8006578899757443,1.0103861074073652,14.19019852917131,5,3.8885280435557017,priority,5,3.2177271666666667,3,screening,REJECT,1,0.41255465177846884
PKG-42-008219,50,F6,PKG-42-008219-2,2026-02-20T09:09:00+00:00,0.550543808968282,0.6913999404514063,6.526255177477667,4,1.5027707414363651,priority,5,2.739401083333333,9,brokerage,HOLD,1,0.4611473985194321
PKG-42-007717,59,F2,PKG-42-007717-2,2026-03-01T18:40:00+00:00,0.4804527705541491,0.837746629112284,74.5133690179545,1,1.0187653804039818,priority,0,35.3957775,18,brokerage,HOLD,1,0.06129086226018146
PKG-42-001013,52,F4,PKG-42-001013-2,2026-02-22T15:44:00+00:00,0.5503070895678814,1.1969424529304336,35.71587910953018,5,5.075480437475399,express,1,20.850081266666667,15,brokerage,HOLD,1,0.11203649539448825
PKG-42-001933,50,F5,PKG-42-001933-2,2026-02-20T12:07:00+00:00,0.8964201939272894,0.7446811004558566,85.62826637884689,3,2.8545479712901463,express,2,9.799475483333334,12,brokerage,HOLD,0,0.3033681436416895
PKG-42-013615,54,F7,PKG-42-013615-2,2026-02-24T14:10:00+00:00,0.4914233890079048,0.3537640195480754,32.92432122926846,5,0.7911536635221558,priority,5,22.501396383333333,14,brokerage,HOLD,0,0.4593240381079689
PKG-42-014713,50,F1,PKG-42-014713-2,2026-02-20T09:50:00+00:00,0.2100223939704248,0.9574449425325572,82.15324325647639,6,4.984924205264476,priority,2,19.861344116666665,9,screening,HOLD,1,0.03192023881737925
PKG-42-005489,56,F3,PKG-42-005489-2,2026-02-26T10:20:00+00:00,0.785770624039773,0.5059550894040347,14.136511621240574,6,8.728575297513528,express,5,5.438277216666666,10,screening,HOLD,1,0.5915296038828641
PKG-42-009740,58,F5,PKG-42-009740-2,2026-02-28T15:18:00+00:00,0.5873462254520332,1.3457586014630818,99.83166144516387,3,2.4387352826771336,express,1,13.54577975,15,brokerage,HOLD,1,0.060788753660236484
PKG-42-002665,59,F5,PKG-42-002665-2,2026-03-01T12:32:00+00:00,0.2816486338579669,1.0577640201146106,67.7371639135912,2,4.34874724651943,priority,5,13.663502116666669,12,brokerage,HOLD,0,0.13869000031515527
PKG-42-015402,59,F7,PKG-42-015402-2,2026-03-01T05:36:00+00:00,0.8069031000887544,0.8158875523084292,15.483394855884708,4,14.636174818888597,express,2,26.1322894,5,screening,HOLD,0,0.26239565244186835
PKG-42-009167,58,F6,PKG-42-009167-2,2026-02-28T12:35:00+00:00,0.5429734280878014,0.3800791629781181,56.48146236481074,6,2.148525270906014,express,2,6.263632183333333,12,brokerage,HOLD,1,0.3011641339484425
PKG-42-009938,51,F5,PKG-42-009938-2,2026-02-21T17:32:00+00:00,0.0957896886405488,1.361553791469888,89.10211765563085,5,4.979157726257668,express,2,17.003728433333333,17,screening,HOLD,0,0.020287859505690908
PKG-42-010940,58,F7,PKG-42-010940-2,2026-02-28T23:46:00+00:00,0.2759068869535881,0.7470903684350176,41.602810081960754,1,1.739984050966828,priority,3,14.9541249,23,screening,HOLD,0,0.10617291924029554
PKG-42-013418,53,F1,PKG-42-013418-2,2026-02-23T02:37:00+00:00,0.4463229926796955,0.7528210716047005,23.017024549998386,5,1.6329082831222728,economy,2,20.1875287,2,screening,HOLD,1,0.10529033882167062
PKG-42-017638,56,F4,PKG-42-017638-2,2026-02-26T10:11:00+00:00,0.5577948979059884,0.27824613019762,84.94557419620968,4,1.1840176546469372,priority,2,22.116081116666667,10,brokerage,REJECT,0,0.25376809531154826
PKG-42-000476,52,F6,PKG-42-000476-2,2026-02-22T00:47:00+00:00,0.2426640060496356,1.0131181018377888,66.36986420490672,4,10.094101117902552,express,1,20.654006083333336,0,brokerage,HOLD,0,0.05392752254332241
PKG-42-003539,56,F3,PKG-42-003539-2,2026-02-26T15:27:00+00:00,0.8182357008421796,1.4455506975404382,11.90453888416273,2,2.0469545526102,economy,2,18.07787618333333,15,brokerage,HOLD,0,0.16745696710163446
PKG-42-000236,51,F2,PKG-42-000236-2,2026-02-21T01:41:00+00:00,0.149393141058496,0.5911747647186252,85.21928693262814,4,2.7647740529777582,economy,3,13.9837283,1,screening,HOLD,0,0.056285329557141224
PKG-42-007566,52,F7,PKG-42-007566-2,2026-02-22T05:30:00+00:00,0.7648087851890204,0.9225926488069824,31.761974396670052,3,0.8298608634423147,express,2,10.37168765,5,screening,HOLD,0,0.21145632011879992
PKG-42-010396,57,F6,PKG-42-010396-2,2026-02-27T15:43:00+00:00,0.6462113341750888,0.6825905203169822,58.9522295670868,5,4.028951431808133,express,4,27.9530785,15,screening,HOLD,0,0.2764298013000599
PKG-42-007435,51,F6,PKG-42-007435-2,2026-02-21T00:12:00+00:00,0.7111356544962292,0.6459377265181397,28.45402104144175,6,1.211084541961393,priority,2,11.045272416666668,0,screening,HOLD,1,0.1960708263569275
PKG-42-005474,59,F5,PKG-42-005474-2,2026-03-01T12:27:00+00:00,0.7834681712010528,0.9265173046784958,69.14810525394253,5,1.9339764628438183,economy,3,6.789216566666667,12,brokerage,HOLD,0,0.22742756167134667
PKG-42-005702,57,F0,PKG-42-005702-2,2026-02-27T01:11:00+00:00,0.3442583249112858,0.3167771709065866,81.16539952726917,1,2.3964042235105367,priority,3,2.0437623,1,brokerage,HOLD,0,0.19414639155255212
PKG-42-011474,56,F2,PKG-42-011474-2,2026-02-26T07:18:00+00:00,0.1866511398725214,0.5435338712483411,80.02254854933416,4,17.49975786259417,economy,1,21.344586016666664,7,brokerage,HOLD,0,0.05678152267458258
PKG-42-005384,54,F3,PKG-42-005384-2,2026-02-24T08:41:00+00:00,0.2175617440203281,1.4752430898758524,75.5864895444823,6,6.08784423562369,priority,3,16.725888483333332,8,brokerage,HOLD,0,0.03606005624207071
PKG-42-006449,51,F7,PKG-42-006449-2,2026-02-21T11:14:00+00:00,0.616939619307419,1.2316428036389135,20.29187410276812,5,1.9478975235466407,priority,3,9.76731865,11,brokerage,HOLD,0,0.18197282387610283
PKG-42-000789,54,F6,PKG-42-000789-2,2026-02-24T12:42:00+00:00,0.7321518439379721,0.6356429808184991,48.84423052092258,2,0.7313720155025502,express,1,17.298158983333334,12,screening,HOLD,0,0.19062673017208576
PKG-42-007391,51,F5,PKG-42-007391-2,2026-02-21T04:18:00+00:00,0.1324195009098472,0.5736071059569318,54.39784090061605,1,0.7909455967586614,economy,2,15.810629016666669,4,brokerage,HOLD,0,0.08607646305339109
PKG-42-004735,55,F6,PKG-42-004735-2,2026-02-25T16:28:00+00:00,0.3967645381037953,0.8041526402499748,67.84158633340624,2,0.9744706993770876,priority,2,20.53357203333333,16,screening,HOLD,0,0.07048739278687204
PKG-42-002100,58,F7,PKG-42-002100-2,2026-02-28T11:15:00+00:00,0.7582356590078378,0.3302694060039993,31.447836978816657,4,5.670158820915512,express,3,7.123344816666667,11,brokerage,HOLD,1,0.5586329554975469
PKG-42-015264,58,F6,PKG-42-015264-2,2026-02-28T00:39:00+00:00,0.1759554295922669,1.439290825554827,20.62883537287139,1,5.478088387857487,priority,2,17.114076800000003,0,brokerage,HOLD,0,0.04313994965187391
PKG-42-017370,57,F1,PKG-42-017370-2,2026-02-27T12:25:00+00:00,0.6916368954200531,1.4649973445106008,15.94999094229555,4,1.2470666619668902,express,2,2.72076115,12,brokerage,REJECT,0,0.21451154533633926
PKG-42-002730,54,F6,PKG-42-002730-2,2026-02-24T08:51:00+00:00,0.6137900769112795,1.413352054611308,61.118316197115625,4,1.780312976974182,express,2,14.683723983333334,8,brokerage,HOLD,0,0.10320806077752154
PKG-42-004969,50,F3,PKG-42-004969-2,2026-02-20T13:39:00+00:00,0.2869144705323529,1.3212064468977802,16.47721616541837,4,2.528809963459458,priority,1,11.5641562,13,screening,HOLD,0,0.03502466451021988
PKG-42-017143,53,F5,PKG-42-017143-2,2026-02-23T13:26:00+00:00,0.2125208094358477,0.510368148398556,54.25146489846896,3,1.3488783025959663,priority,0,33.97184996666667,13,brokerage,HOLD,0,0.061728976214134944
PKG-42-010988,58,F5,PKG-42-010988-2,2026-02-28T14:11:00+00:00,0.7681306446821617,0.6941774589548657,23.15708169655047,5,1.033338857666095,priority,1,5.9004179,14,screening,HOLD,1,0.18573722446985072
PKG-42-005535,50,F5,PKG-42-005535-2,2026-02-20T18:05:00+00:00,0.3413969371389365,0.62872229683506,37.888844279764506,3,2.295777755163896,express,2,11.11153025,18,screening,HOLD,1,0.1397205824845206
PKG-42-013551,50,F6,PKG-42-013551-2,2026-02-20T18:50:00+00:00,0.4700448190521372,1.152024324238597,83.90119921089955,6,2.77238472589343,economy,1,9.5768552,18,screening,HOLD,0,0.03350668407216004
PKG-42-013329,56,F1,PKG-42-013329-2,2026-02-26T06:26:00+00:00,0.4542558970039999,1.4039652140602503,74.33989744203407,2,1.4349088496152906,economy,3,18.78538865,6,screening,HOLD,0,0.04240718120111191
PKG-42-011463,54,F4,PKG-42-011463-2,2026-02-24T17:06:00+00:00,0.1795183054572467,0.8677095194793704,14.66727645054764,6,10.573526725721129,priority,2,7.9948404,17,screening,HOLD,0,0.06849172262074728
PKG-42-012562,57,F3,PKG-42-012562-2,2026-02-27T18:52:00+00:00,0.803649601325091,1.2415357925855397,65.63230561014677,6,4.726241668032288,priority,2,11.59087785,18,screening,REJECT,1,0.11825514963347543
PKG-42-003750,51,F2,PKG-42-003750-2,2026-02-21T14:49:00+00:00,0.1936479590846541,1.309575439153609,93.8714732690756,4,4.150233254601295,priority,2,27.455552033333333,14,screening,HOLD,0,0.017723537752959984
PKG-42-012901,52,F5,PKG-42-012901-2,2026-02-22T22:18:00+00:00,0.5668407071360839,1.2056634757331364,95.6677643930924,1,0.8193714966255301,express,2,7.1344504,22,brokerage,HOLD,0,0.1039746547656843
PKG-42-016668,58,F7,PKG-42-016668-2,2026-02-28T23:45:00+00:00,0.292113321333765,0.2654973200104801,92.24534241280293,3,0.9217888963015832,priority,1,23.874930783333333,23,brokerage,HOLD,0,0.10255306707315351
PKG-42-006749,58,F6,PKG-42-006749-2,2026-02-28T00:35:00+00:00,0.8764268691783202,0.9531469365013004,66.79357224461299,6,1.8481497308229584,priority,2,22.315429366666667,0,screening,HOLD,0,0.13126390510888877
PKG-42-016426,50,F5,PKG-42-016426-2,2026-02-20T03:18:00+00:00,0.4019733391229392,0.5755269700973856,39.94136141305487,6,9.61616375896652,economy,4,13.54912165,3,brokerage,HOLD,0,0.2486473921439031
PKG-42-017828,53,F7,PKG-42-017828-2,2026-02-23T01:49:00+00:00,0.6578072134197287,0.665552560471159,5.105468702946967,6,4.124086429338791,economy,1,7.569106433333333,1,screening,HOLD,0,0.1607840827324248
PKG-42-007685,53,F5,PKG-42-007685-2,2026-02-23T20:37:00+00:00,0.6349116267147944,0.3424558473318997,17.243904502876262,3,3.306244830710547,express,3,6.2255606666666665,20,screening,HOLD,0,0.4332313636507303
PKG-42-008533,55,F5,PKG-42-008533-2,2026-02-25T08:34:00+00:00,0.1976266307714263,1.2412475122727358,62.26414671869156,6,17.63410808644915,economy,3,14.418835466666668,8,brokerage,REJECT,0,0.06397919393763644
PKG-42-002116,53,F5,PKG-42-002116-2,2026-02-23T16:35:00+00:00,0.4280141670266356,0.9304698696194988,36.96088575484097,5,1.9957159328317933,economy,1,25.289848,16,screening,REJECT,0,0.0730373360084534
PKG-42-005969,54,F7,PKG-42-005969-2,2026-02-24T02:22:00+00:00,0.8991019265795979,0.3168588173566101,5.6613828933729895,4,2.119660944764626,express,1,5.291638083333334,2,screening,HOLD,0,0.4322435148416607
PKG-42-002102,54,F4,PKG-42-002102-2,2026-02-24T02:50:00+00:00,0.7577455030293726,1.1714697357643296,39.63887761802645,3,7.7528244061247396,express,3,20.49160985,2,screening,HOLD,0,0.1799268953368246
PKG-42-015024,58,F5,PKG-42-015024-2,2026-02-28T07:26:00+00:00,0.4574344967248189,1.4493316703989034,31.83098606908124,1,0.9667735456901828,economy,2,18.94883745,7,brokerage,REJECT,0,0.08557429510075343
PKG-42-002052,55,F1,PKG-42-002052-2,2026-02-25T06:11:00+00:00,0.5275145000804589,0.3069379174512362,76.34691284229615,2,1.2895908940167309,express,1,24.43939858333333,6,screening,HOLD,0,0.1439347369836093
PKG-42-012601,52,F7,PKG-42-012601-2,2026-02-22T10:06:00+00:00,0.5176992104145096,1.3454113793821298,20.06951330072947,1,1.69495264710514,economy,3,8.694505883333333,10,brokerage,HOLD,0,0.13401201070675536
PKG-42-017320,59,F4,PKG-42-017320-2,2026-03-01T00:56:00+00:00,0.5070351005496077,1.0095340680397022,87.50846070163276,6,3.5421337412405904,express,0,43.70502565,0,brokerage,REJECT,0,0.06433502860766926
PKG-42-005450,56,F6,PKG-42-005450-2,2026-02-26T12:56:00+00:00,0.831086978274636,0.402787753762882,58.151549633534486,2,16.66778047841328,economy,1,4.781487783333334,12,brokerage,HOLD,0,0.291954230493985
PKG-42-004812,55,F7,PKG-42-004812-2,2026-02-25T05:54:00+00:00,0.4259379893442638,1.2350568413317682,20.525829389444517,6,5.650966989896167,priority,0,42.35158308333334,5,screening,REJECT,1,0.038258142004754817
PKG-42-011948,50,F7,PKG-42-011948-2,2026-02-20T13:19:00+00:00,0.5941997022886469,0.8311146704326793,76.38486084046484,2,1.2072076869348471,priority,1,28.96993623333333,13,screening,HOLD,1,0.06699512335431859
PKG-42-009560,56,F5,PKG-42-009560-2,2026-02-26T19:14:00+00:00,0.7488913349561638,0.2779748967586894,9.994281997395245,2,9.343687033775256,express,0,38.94270066666666,19,screening,HOLD,1,0.28142323136957476
